client_id,poutcome
1068680340,0
422084751,1
123316323,1
1861869059,0
122279077,1
1177854254,1
985873256,1
1687099232,1
1035374127,0
308162265,0
1854082979,0
1991899634,1
1322726978,1
1652258354,0
1972322805,0
1031945947,1
1017336008,0
1490660020,1
1263025318,1
205152107,0
1637019918,0
1170788866,1
192509581,0
389682777,1
1812692074,0
1493903929,0
1763532850,1
417821881,0
1619665559,0
440189671,0
1737645892,1
513808882,1
366437162,0
1663485904,1
1277705540,0
1695434078,1
1153618830,0
965757485,1
1039962921,1
707133965,1
1562311764,0
886972937,0
1132979353,0
890778137,1
326361139,0
1456911011,0
1394474757,0
125847324,1
1477881399,1
1944180870,0
1317221051,0
565547512,0
1324838429,1
452061612,0
451826022,0
1386817208,0
1978121396,0
723904241,0
1264435621,1
1125176379,1
601868871,0
694701520,1
108296535,0
1637296905,1
887093410,0
354784342,1
443143456,1
493461691,0
1017218639,1
308537690,0
839561676,1
706507449,1
1970885453,0
106019215,1
1487147020,0
1308505315,0
749262689,0
916802193,1
296804562,1
1564493849,0
1287117991,1
596190637,1
1968578339,1
1349595153,0
690571585,1
497992796,0
1198249373,0
812384993,1
540168241,0
1063124591,0
987320108,0
1704909165,1
661377985,0
468447325,0
319247595,0
688840852,1
1395675176,1
1131104534,0
1995994246,0
1126740176,0
540491623,0
1549144175,0
1224237630,1
1928292126,0
908120100,1
831257396,0
228863041,1
1281355836,1
109113922,1
1523274478,1
1225136910,0
511787908,1
719308905,1
371690729,0
1745698405,0
1674968762,1
1785174728,0
1086506974,0
141547777,1
729076546,0
373357791,0
922229308,0
1566092753,1
1242708963,1
1049735880,1
222111694,0
223162963,0
1859710157,1
574961634,1
969450757,1
980335354,0
296701865,0
214789314,1
1705948953,1
404356036,1
1761379993,1
704717527,0
1219970694,0
262336281,1
1218187488,0
416317592,1
564485949,0
1714972668,0
677039214,1
792937325,0
1673044027,0
558434194,0
1928697987,1
1732190443,0
1676961942,1
739404425,1
1621001130,0
1130435253,1
685383766,1
1837780900,0
1927883014,1
1435440420,1
1529329583,0
168096858,1
1684400891,1
1292568330,1
1411844520,1
1147702453,0
1339896065,0
1583060157,0
1308505646,1
1214668232,0
1862055493,0
684062779,0
1398048775,1
1663746940,0
1611499123,0
504574643,1
593306370,1
861423671,0
1888843636,0
727036799,1
362107442,0
1814788493,0
1754150044,1
610490659,1
1861160258,1
1368270933,0
857248685,0
1070456076,1
1726478767,1
1159026952,1
1150485461,1
515446905,0
618305160,0
491706809,0
1951922656,1
429489966,1
233468953,0
1614257797,0
1058010984,1
1734798287,1
1631280601,0
250134959,1
1743061946,0
1820526539,0
581131177,1
1503625890,0
1445476709,0
214884170,0
1765867299,1
310430176,1
1214661297,0
1471950327,0
965658339,0
1825655779,0
901146277,1
1053434038,1
1862182211,0
371344552,0
991050854,1
1235191862,0
510844895,0
1554112064,1
494739354,1
156572807,0
729927391,1
708224767,0
1377063362,0
1251643661,1
471321593,1
1743199339,0
1930683043,0
1205876871,0
221008979,1
1645044636,1
194820011,1
1178763771,1
1874123504,0
336672169,0
938110285,0
500820239,0
510196091,1
1103675782,1
487328549,0
406950234,0
997626878,0
1160816480,1
337363194,1
1575969799,1
1488739206,0
1905538075,0
732581532,1
614572515,0
657534377,0
737634777,0
516732044,1
1858768017,0
965532815,1
1755730111,0
1717564168,0
1599789148,1
753017275,1
1662108620,0
1963400913,0
558270578,0
1591385883,0
1320083491,1
962463040,1
757363825,1
1174814440,0
388615282,0
1796728869,1
793403038,0
1968339566,0
1789504162,1
813561398,1
603397940,0
308986597,0
740966847,0
1681407391,1
1382545959,0
682614324,0
696244565,0
125571081,0
1735338314,0
718135045,1
1822079126,0
505534570,1
1433435694,0
1488224453,1
527600948,1
566380539,0
855969266,0
679081061,1
519783219,0
1288585447,1
1457735405,1
265629457,1
328624180,0
241025095,1
1989228515,0
1457212219,1
1563795675,1
370914387,1
117884654,1
1045160617,1
419991749,0
587808431,0
576044443,0
641447450,0
1489763124,0
187763544,0
322743852,0
1244848490,1
504482843,1
1943632319,0
394505955,0
705599412,1
1379543540,1
1332897077,1
1640593784,0
1999193934,0
959997678,0
994016480,1
1354074957,1
1848166829,1
1418414278,0
1211665231,0
1325334551,1
175604322,0
1169741040,1
787907655,1
162634147,1
432470496,1
1362710799,1
1816675216,1
1775211954,1
1452869638,0
1096970137,1
132517454,0
1833596793,0
1779457377,1
193312901,1
1118728878,1
766145762,0
1155673819,0
133010625,0
1831430395,0
1492081257,0
494444895,0
1285238413,0
508638943,0
452147765,0
1931501653,0
1602042448,1
291762741,1
1148062777,0
1645969293,1
1362255299,0
1323752958,1
852972600,1
1337094955,0
808447119,0
1829559720,0
1402608481,1
1676791607,0
1173000864,1
1671061556,1
1779858347,0
280785885,1
735151623,0
986367470,1
877987615,0
1659234829,1
1320716840,0
713299407,1
1587682495,0
223217898,0
824417332,0
632142405,1
1941363966,0
1409501325,1
1631679388,0
1380796945,0
1319188267,0
756497566,0
1801190384,0
1250882667,1
1951384287,0
514069302,1
823126665,0
1846648010,1
1575475598,0
642488358,0
1152447978,0
1753898497,1
1993577306,1
862969409,0
1075622350,0
1608949845,0
779545175,0
150652260,1
1087927142,1
505363107,1
1127779790,0
761199593,1
370916088,0
327576545,0
308808741,0
505967509,0
1557295007,1
157204323,0
628752440,0
1052351625,0
1070979482,0
1070950756,1
1768229783,1
247596591,1
268958171,1
619426277,0
137424454,0
325186479,1
1960788782,0
1794321420,1
1463171416,1
1528120313,0
1749723283,0
1765322970,0
473976433,0
857611262,1
884765117,1
432217406,1
346347064,0
915163314,1
836011578,0
1965663253,1
1765020190,0
1519904965,0
514592541,1
1425154499,1
1284316068,1
1306300573,0
311641372,1
649870852,0
1594936069,0
1864238082,0
811391734,1
1884191527,0
1183221043,0
665750426,0
884903654,1
705063044,1
1369448242,0
445312076,1
526503357,0
534675802,0
441226757,1
1273484391,0
608042516,1
1834438077,0
688427385,1
222906308,0
1910190993,1
1184484155,1
175060445,0
629208213,0
485315011,0
326909620,0
1364203665,1
1504003384,0
1675944738,0
940563868,1
1429861698,0
945735448,0
884814661,0
378526534,1
976634044,1
697036427,1
1149281176,0
1853023093,0
985055858,0
474035950,1
1586344178,0
1853146966,1
1959314559,0
805531953,0
943952120,1
1364348983,1
397019463,1
649981170,1
511231902,0
1562930182,1
192110557,1
640790784,0
1800109403,0
569261810,1
1756905646,0
1184513605,1
566085328,0
1423695137,1
537442986,0
1027249251,0
579872918,1
767849808,1
1228436288,1
1102435567,1
1434963452,0
680316194,1
975227300,1
1599830219,1
859246603,0
467719570,1
1399345348,1
1448392849,0
1279450299,1
1898392001,0
594303727,1
1886467983,1
317254728,0
445025023,1
506277747,0
1682504381,0
1533563484,1
1395061153,0
384125681,1
1264975707,0
648111449,0
1007912731,0
539310832,1
1117664449,1
1123623200,1
158823114,0
226891873,1
777124281,1
1069549690,0
877115582,0
1387985175,0
681957385,1
339809371,0
556688851,1
1746851267,0
1697990107,0
1673885709,0
891530983,0
265464580,0
684289570,0
1732571905,0
1843960261,0
732433134,0
1654469501,0
452639218,0
1355449022,0
212733601,0
1431585436,1
155131735,1
170221846,1
369939191,1
1439717308,0
1637779626,1
508404388,1
1521873071,1
1625196234,0
1878839531,1
863037351,0
468800521,1
752127144,1
634532726,0
1729992753,1
1628365037,0
1585389326,1
1214986433,0
1813639890,0
1074508129,1
1459643392,1
688444569,1
1662813898,0
335145440,0
280452065,1
1047524009,1
602501950,0
1340730969,1
507208091,0
818858365,0
786664304,1
1425417747,0
1804586706,0
1728363987,0
1443203942,1
1583580645,1
1822144904,0
833140958,1
499075032,0
704160785,1
699125762,0
1528460875,1
1361629761,1
1055106939,1
1567968004,1
492278925,0
159541577,0
616525829,0
1927806079,0
1121733781,0
1475721927,0
1413966902,0
1680016074,1
1781899234,0
1939010290,1
1999442774,0
1610015186,0
1757488040,1
904654819,1
276242318,0
1938356936,1
1344459568,0
1707920265,1
1534183292,1
1559911761,0
1575287970,0
651107784,0
1290577325,1
1918336437,1
1519698194,1
1073090603,0
1117054986,0
1660281119,0
1940100204,1
567712658,1
235325085,0
1980654773,1
815779086,0
325725616,1
738853320,1
418466386,1
1071416866,1
614018120,1
1049919117,1
1118138239,0
359749539,0
367677986,0
1026493020,0
863179789,0
1935652609,0
798320940,1
1965312810,0
921841545,1
281236162,1
1862751726,1
1415818249,0
1266261687,0
1231801748,0
1974391042,1
1373526438,0
999736774,0
1431475991,0
1530919656,1
612890378,1
1590160098,1
204189694,1
1293597874,1
1076826180,0
696445355,1
600260445,0
691186275,1
1791766817,1
1533104117,0
1483008819,0
1297439756,1
505895307,0
452975780,0
675156878,1
717479492,0
1399712598,0
1595041014,0
409747016,0
1072441320,1
758051649,1
1181185867,0
1002672199,1
1018892774,0
114086069,0
256997837,1
1957993414,0
1603491970,0
1232399070,1
925993219,0
201561332,0
1735697944,1
124333629,1
544885926,0
621752001,0
1164103856,1
1798040294,1
876955419,1
1627076302,0
1338730918,1
280250724,1
1325217363,1
263566804,1
1844076179,1
545816865,0
1015992039,1
1563156081,0
150300623,0
947773694,0
277331143,0
969611902,0
1402438966,0
1696485921,0
711202795,0
1878619795,1
1716328337,0
732397934,1
1939446661,1
222933878,0
149986331,1
137826860,0
702125578,0
1665330304,0
1945493523,1
1630707269,1
705136435,0
389112531,1
391921227,1
1303181958,0
369667076,0
163475138,1
195903286,1
1678644453,1
382565716,0
1480180677,1
782510562,1
1410458415,0
428297049,0
317742767,1
1313134844,0
363585691,0
1163153494,1
291716551,1
1123745167,1
672924090,0
1276833636,0
1602135209,0
1482689397,1
533948913,0
1232490090,1
338402323,0
362811505,0
1676611366,0
531218152,0
681478685,0
1781230175,0
1382818573,0
1395592150,1
771821655,1
1702516217,1
1766025816,1
1779734489,1
404620103,1
589647015,0
835209554,0
1673212444,1
1962994956,0
804945641,1
1712645297,0
1907912016,1
1431683100,0
1572447873,0
685711018,0
678447119,0
1314808311,0
919807697,0
1112741786,0
1410157682,1
570593344,0
1850604245,1
1795100519,1
452114759,1
1197186794,1
1959780198,1
1350790551,1
1533349306,0
175712371,1
1446734246,1
1689888632,1
477986228,0
371686565,0
1616058849,0
1796285497,1
1330255613,0
1818884682,0
139152697,1
1925256229,1
1160427377,0
1923593111,1
1287434724,0
994091334,0
694460789,1
963853206,0
636648261,0
1075067359,0
1812037941,0
1820684823,1
491903018,1
1053994896,0
1948288018,1
1371532500,1
653289939,1
806808449,0
1036351910,0
1915487904,0
1607981513,0
1877067751,1
1520995654,0
358390785,0
817809420,1
1877694551,0
1092119024,0
1312444531,0
1333764370,0
1969057584,0
201540179,0
1719103788,0
1664808285,0
429181467,0
1767109877,0
1233681880,1
1357538301,0
1444085511,1
832463529,1
296581715,0
159745824,0
581724010,1
306020988,0
302372774,0
708455701,0
1036425411,1
754138276,0
1632638652,0
1939659920,1
707462293,0
923498322,1
324075456,0
200742226,1
1698582204,0
667293473,1
658832440,0
1696064088,1
1896385648,0
1823113790,0
1879600672,1
1312054523,0
381251885,0
1642257977,1
838603550,0
568174259,0
822171576,0
1889229366,1
1460040854,0
778974376,1
1146524430,0
1863538170,0
714219074,1
1994026403,1
1772678111,0
1606461268,1
1169958354,1
1402085184,0
1428961376,1
907399455,0
1444922844,0
998420719,0
174565240,0
1296644568,1
1103292750,0
403165001,0
1304568718,0
1171130643,0
1999945413,1
1170686611,1
445658053,0
1801215015,1
296332522,0
679504662,1
1873760074,0
811435343,1
1922654231,0
1167345543,0
1610077033,0
820268676,0
1547490873,1
499454740,0
273231644,0
364974586,0
617549387,0
479109545,1
1029570077,1
398946812,0
1755567327,1
641951764,1
1212280766,0
791460200,1
1543135848,1
1226229231,1
1605305026,0
987840125,1
1313156802,1
499154848,0
1272730120,0
1720749297,1
1340303880,0
1064648124,0
1701993441,0
725342287,0
1672979598,1
1322886059,0
1219693230,0
1279346745,0
1410722454,1
1563496424,0
609876580,1
1327698919,1
1169941273,1
1918170745,0
1148857489,1
227235421,0
148146841,0
1828897481,1
1120239562,0
1166226955,1
409233960,0
1518604985,0
650457188,1
194218880,1
583226847,0
1169086012,0
1602811339,1
1218796109,0
1503979029,0
1850747672,1
1798896603,0
1036775225,0
1257909918,1
1193000324,0
1084076010,0
1020679122,1
356751065,0
1015672438,0
1848078003,0
808718625,1
1144366564,0
1129851315,0
1368948239,1
1502178265,1
812505382,1
600469943,0
1854286709,0
1935714355,1
304008827,0
512853021,1
876494830,0
990826120,0
1496912366,1
1884507132,0
1298328231,0
466511962,0
1022771762,0
773927767,1
1627910488,0
1820345939,1
1632277923,1
545469045,1
1756237684,0
725540864,0
440859503,1
1674917463,0
338845580,0
1036002995,1
1001831443,1
1252470470,0
1386318408,1
1443511898,1
975522522,0
1065820126,1
1481083985,0
1921716027,0
566534922,0
1293767037,1
228778929,0
260899658,0
136985154,1
649461577,1
1832362763,1
1187961982,1
1568331295,0
1541066421,1
1610109463,1
255033469,0
1776733592,0
1444947311,1
506720602,0
1793706962,1
1037290582,1
1063487569,1
1955245328,0
1986402194,0
437541928,0
686125838,0
1727547531,0
1168443389,0
1529588477,0
1568705683,0
1975172728,1
1078631001,0
149384801,0
1169888965,0
883834663,1
1839654623,0
636238668,1
1705488029,0
1119169528,0
300657013,1
955743085,0
147937396,1
608416068,1
281456562,1
1869076522,0
1162317480,0
593600039,0
854103714,0
560360103,0
1091018161,0
457748401,1
1901196992,0
1166059757,0
1302620624,0
666976922,1
1377922356,0
1101493637,1
901845903,1
892878768,1
629168765,1
708319185,0
1675973038,1
248532206,0
474987680,0
1391165834,1
1726828913,0
278410792,0
941658404,0
1063835975,1
1361221120,1
1795643720,1
1944441307,1
1644049580,0
952530973,0
1668579446,1
142834155,0
1521788907,0
1590843136,1
434830217,0
172836310,1
840581441,0
212031855,0
1370211170,1
1312493715,1
1385098049,0
1018647528,0
1340215939,1
1061257282,0
331672071,0
1438007582,0
546589500,1
858500516,1
770080616,1
1846266634,1
1415452990,0
249048466,0
1690916239,0
1014015083,0
545331802,1
713840842,1
1878831656,0
455690234,0
1821570451,0
1054434171,1
586732672,1
333348176,0
1206490430,1
1311306634,0
1774514823,1
1214505880,0
474719191,0
595684320,1
533629817,0
846346344,0
1331254056,1
696770126,0
1633589618,0
114474566,0
121545091,1
1243591869,0
1447740615,0
384354700,1
639823279,0
1190490240,0
1158581109,1
1497685502,1
409784376,1
1803476508,1
1727876099,1
754828045,1
194134978,0
978273916,1
937765785,1
599696035,0
1343921496,0
191600186,1
537192570,0
1659251268,1
968472071,1
1123517276,1
368959072,0
854984255,0
906313231,0
1940056400,0
1200555515,1
579021057,1
776511350,1
1566606016,1
551004301,0
292071909,0
1104997773,0
1061643018,0
1272061980,0
206677321,0
530399090,0
237983379,0
1787299891,0
1276509927,0
646066270,1
1189212723,0
321441145,1
784586229,1
309577217,0
451042694,0
1855933226,0
1718233087,0
209693996,1
115377113,1
145563354,1
1157513564,0
1273157667,1
1631221651,1
1637419104,0
1202574792,1
1385657260,1
1640998594,1
1795298825,0
1463015236,0
725328341,1
946112756,0
696771591,0
1605524313,1
269823601,1
1628527970,1
1755845793,1
1683708466,0
1094317522,1
1026871255,0
1491164312,0
943098965,1
1258671942,0
1290816762,1
1099993012,0
1119479915,0
1952947866,0
729976927,0
1965232631,0
636188802,1
231842839,0
910911348,0
224590800,1
1163109281,0
1861297798,0
807322905,0
1280442743,1
1719528898,0
618295222,0
1724212831,1
770441440,0
1102630327,0
1325606886,1
1207494801,0
1923254340,0
582582099,0
679717200,0
1392022063,0
1925637366,1
1638251309,0
690834703,1
1900082238,0
1131346160,1
424834868,0
170234727,1
1294735791,1
1321316008,0
615404619,0
128366062,1
1696659551,0
1940869832,0
700796414,1
1773782451,0
1423322915,1
162589447,1
316874747,1
473809622,0
912959392,0
488510422,0
1905783667,0
1383565633,1
370249627,1
389719146,1
302392029,0
1399337464,1
1686016933,1
530214229,1
1917194752,1
1937627253,0
1656763858,1
1949119760,1
1110713950,0
1879853659,0
860527489,0
1879699217,1
1691444914,1
579639267,0
1481898965,0
1064473247,0
893608814,0
194570616,0
306314829,1
1287875675,1
1391243805,1
1672289984,1
1588001343,1
1644870226,0
443554804,0
1310610548,1
397233086,1
1732425075,1
594396355,1
515534214,0
724198665,1
726596898,0
1649488712,0
1830351890,0
568114581,1
1768242577,0
1102974728,0
1017150857,1
421619389,0
1608609885,0
1278995942,0
1222986574,0
436194192,0
1076690747,1
1377415314,0
1650730146,0
682353894,1
245108014,1
1947255598,0
1905161813,0
453957987,0
835000489,1
437136133,0
1347024182,0
961345006,0
1523617943,1
789959332,1
319214017,0
490999481,0
1950549366,1
908506471,0
1678436843,0
1780900389,0
1952981894,1
1998039519,0
1913834810,0
1705936545,0
244839949,0
1428546821,0
1622843398,0
1969547248,0
843289552,0
141070788,1
1867344997,1
1977393265,0
1674194323,1
1558331081,1
1555513196,0
1956653613,1
594590415,1
1572872993,1
1286248014,1
173485316,1
569192575,0
122069669,0
1351551242,1
1611229480,0
1198436175,1
416087867,1
748613510,1
273910718,1
222562408,0
1873646928,1
1266059353,1
1562084152,1
719057641,1
1333402398,0
1640240870,1
1637743138,0
1930743040,1
901912400,0
1799287485,1
1334402872,0
348083357,1
721039209,0
621237310,1
1353917135,1
829648797,0
728029945,1
1802945040,0
395095376,1
475261783,0
323111233,0
1259131255,0
909851331,1
509373383,0
1776176468,1
882294831,1
1508013425,0
1901807995,0
1946584645,0
1866629429,0
466570932,0
704740748,1
329395891,0
814696185,1
395125305,1
1305045368,0
221538493,1
759170612,1
458399686,0
1440064523,0
771190458,0
1881576137,0
1446229375,0
304836339,0
488111879,1
528885694,1
784446892,1
1043758283,0
1140161197,0
1717507202,1
888940664,1
535662016,1
1841111452,0
115913082,1
244650743,0
395139085,0
1208049839,1
1128962236,0
772486838,1
1356962413,1
349604368,1
1671965055,1
720879347,0
383290201,1
271375700,1
619193144,0
1868051846,0
1435598618,0
1326742013,1
610985656,0
387214864,1
1428529541,0
1401345463,0
1769141640,0
1687221709,1
932702821,0
583770854,0
1534347879,1
716432626,0
1454395890,0
1037917940,0
938356821,0
1256748669,1
903491126,1
1857389434,0
1059731257,1
1439708346,1
1091843142,0
1700046802,1
897411111,1
641972550,1
142608976,0
1601500643,1
1541555219,0
1525405790,1
1476844100,1
224959372,1
270703380,0
1106700797,1
1212783173,0
1831818848,1
622024808,0
775345844,0
1477897513,1
920162437,0
437747295,1
1698301177,0
343428169,1
800162528,1
310331301,1
1976114499,0
464564358,1
1076405454,0
1284134225,0
1300341071,0
545852780,1
961208929,0
1201200488,0
881396431,0
1076569660,1
128273280,0
1602465920,0
1218963318,1
1882858506,0
1057392403,1
1492385211,0
1673174887,1
1261641695,1
1439123346,0
1243930041,1
1951568199,0
1452697247,1
1186922576,1
741253883,0
892341344,0
733275692,1
1495566540,0
302547736,1
1805002069,1
1471797690,0
1921663862,1
1874041256,0
1020541064,1
909715894,0
1433016319,1
954908978,0
863385996,1
1717053281,1
670358779,1
755949984,0
598597329,1
803155681,1
1026628197,1
1900382836,0
706945251,0
575036937,0
1807993103,1
753967326,1
837680910,0
853446759,1
1539343067,1
127161239,0
601669508,1
1292945299,0
1468353119,1
1676059100,0
552267502,0
765784459,0
398952835,0
369033247,1
325005762,1
796156697,1
1398591108,1
504334747,1
428390753,0
1257066964,1
1625227495,0
1064067012,0
1446098590,1
1009736898,0
1484473048,0
463880664,0
1355484995,0
1686246267,0
832385201,1
882288737,0
589168921,0
358781531,0
495201064,0
1415915877,1
1044647537,1
1615496225,1
469855612,1
1704913481,1
821036752,0
1574107541,1
1918955122,1
903320573,0
233315193,0
548712588,0
1366811907,0
139692065,0
247638994,1
793483914,0
801802099,1
616982161,0
612364266,0
618421260,1
566611544,0
1209232743,1
826210126,1
1507719431,1
1975381516,0
731894226,0
548021183,1
1960571806,0
389643541,1
1653827877,0
894362071,0
720485717,1
1716738699,0
1326634322,0
1895866203,1
464593142,1
1326060957,1
518004075,1
698073861,0
1989771322,0
477336722,0
1820963374,0
207559432,1
779497950,0
677301762,0
1302354674,1
1432428784,0
1411211294,1
1735610899,1
765851981,0
1118070602,1
615435272,1
1288488412,0
1210272453,0
1027074384,0
206832671,0
1041842610,1
639901359,0
1421667592,1
1969751676,1
1112414217,1
1273863418,0
1855487062,0
1876686736,1
1825807054,0
163740344,0
1758559477,0
1911912582,1
1947817261,1
431184433,0
1011761384,0
1230650948,1
418502066,0
1989473521,0
1418423877,1
1245393024,1
1158555993,1
1379103842,1
1433062286,0
705940241,0
1231729480,1
501180711,1
362775263,1
1821005964,1
510429756,0
515078532,1
737141671,1
1621658097,1
403362104,1
256673432,0
1441112678,1
1723393416,0
363355155,0
1020508920,0
1968968815,1
1207982312,0
808552800,1
1330288595,0
1625288835,1
1171625174,1
1890902566,1
655635653,0
1751962826,1
695824763,0
291874222,1
1291100796,0
1652702052,0
202627375,1
725824499,1
1308858417,0
1917836377,1
1944681427,1
409128005,0
1275031721,1
859166805,0
1923334963,0
1507822766,1
1109455133,1
798486882,1
412236864,1
709385038,1
1536549501,0
116439383,0
1103782750,1
623885537,1
1304630105,0
371550535,1
970689108,1
929945033,0
1984840993,0
1009676019,1
302986096,1
398353491,0
529505491,0
932756569,0
1636754153,0
1641594476,0
928741707,1
541537946,0
486679841,1
707666247,1
756825525,1
794108813,1
233318183,0
1590140446,1
675603092,0
955745438,1
1728461637,0
1556803849,1
1043268707,0
1994303763,0
1738239154,1
1239078210,1
1397191127,0
101831034,1
250622254,1
1697230811,1
127701758,1
1376845955,1
1023987287,1
832102861,0
660957828,1
1345340031,1
1527023057,1
1013371285,0
1968263874,1
1517383656,1
348685237,1
774195534,1
936648573,1
1950305093,1
1533312024,0
194582623,1
310061302,1
1631770074,0
1514483008,0
547574642,1
151762285,1
1959113634,1
982989404,0
1096968062,0
137755666,0
881423338,1
1739529693,1
1749567499,1
1041657618,0
809349410,0
648808603,1
963310857,1
1428277116,0
841001679,0
1666936082,0
1815364428,1
1488939532,1
275686321,1
286635415,1
779435890,1
897149037,1
421742065,0
1085967073,1
433952716,0
839956362,1
518317611,1
1790752648,1
258580188,0
1796638718,0
1144671823,0
1545780797,1
523537315,1
562158380,1
1014825084,1
975467198,0
1581705889,0
642628879,1
1046445202,0
153943089,0
1102269756,1
440675890,0
630363626,0
235616138,0
260929773,0
1637935708,1
773193591,0
1054795282,1
1887121466,1
348036346,1
442569067,0
161704723,0
1211406913,1
555130119,0
1832058682,1
1729044375,0
1137634889,0
807836524,0
916855946,1
190086578,1
1441287851,1
1302443114,1
253501998,1
659561954,1
1054215394,0
802475211,1
760628542,0
1579594763,1
130467436,0
1109063215,0
1285603128,0
1727874626,0
230696357,0
287696550,1
1113536400,0
1656167011,1
377017080,1
345578568,1
964718932,1
1132742177,0
461873929,1
742817167,0
527894432,1
1973896711,0
225593766,0
1995464785,0
699732905,0
1459261994,0
636582769,0
505260955,0
1739883325,1
1459763099,0
1104718104,0
1494093660,0
1016375135,0
451524928,1
1708559033,0
938089224,0
1533547892,0
970043791,0
983226824,0
459953757,1
1041694919,1
1044611530,0
1254909777,0
1194216080,1
951905146,1
1242967054,0
1128618465,0
609751535,1
1345442487,0
541400833,1
1740719438,0
139913711,0
1825147455,0
714088956,0
514801834,1
149852228,1
1393227422,1
1472571829,1
1503387274,1
678316086,1
370996091,0
462926070,0
1568805517,0
490403554,1
639588999,0
154225835,1
1394146233,1
1085904960,1
1588099313,1
1634780342,0
398769866,0
442221225,1
1271522503,1
1676053800,0
1100799747,0
1572488492,1
586946616,0
255255410,1
760834592,1
1979038082,1
1665149165,0
380289733,1
437454112,1
1109522163,1
1656012922,0
1917138376,0
1392173077,0
715273577,1
508892655,0
998207607,0
1030202609,1
222611900,0
1204820658,0
278978041,1
1516126670,0
736496687,1
1926015585,0
692711330,1
325399944,0
705987846,0
1906201041,1
650934106,0
100207570,0
1408815208,1
974026187,1
824555684,1
927754075,0
1294552993,0
666486935,1
1884398590,1
1182224185,0
152566820,1
718442678,0
1719049604,0
1704183171,1
412134332,1
1291562269,1
688179531,0
481737900,0
1423222114,0
1954169577,0
981706008,1
715795519,0
1436904182,0
941834245,1
1286156454,0
1067943040,0
1874796662,0
1534083668,0
1204635266,0
1273489959,1
134647762,1
767711021,1
1457722003,1
240178989,0
1868705342,1
1826448361,1
1031373895,1
1233017914,0
1015884021,0
496518478,0
544750143,0
232751959,0
307441892,1
254016465,0
1648718952,1
1962864116,1
1047657323,1
381250137,1
1092160093,0
1352248491,0
815155706,1
376823974,1
1805390500,1
1491268943,1
1146644551,1
1411121742,0
1612400954,0
273611612,1
240766361,0
909583954,0
178674476,0
412718655,0
875615978,1
484177669,0
1730514722,1
508121650,0
1135859439,0
932565313,0
151360882,0
604977156,1
696037840,1
1081455329,1
1525067047,0
882190016,0
1760788150,1
683672395,0
1292922103,0
1255977438,0
221617629,0
583129161,1
1299391113,1
221438460,0
1711775556,0
1376676816,1
121107476,0
322676809,0
1321163163,1
1416035428,1
1082670712,1
1405305914,1
1833810599,0
792650066,0
1046119208,1
560680376,0
1201402453,0
1128053757,0
1646803474,0
1090093583,0
922357428,0
1780403976,1
1113370966,1
1030345714,0
1953183517,0
968518658,1
1092882494,0
1635185934,1
1617185257,1
1725382302,0
566402787,0
1763828751,0
1496551732,0
915307652,0
1208756363,1
1911779977,0
495016896,1
390334330,1
1023439897,0
1153128148,1
502725646,0
144300588,0
724296451,1
427638027,1
425202497,0
1046231048,0
104942363,0
1821196664,1
1221420011,1
1174377874,0
358196375,0
1596777398,1
619418291,1
1111877702,0
701467722,0
774133508,0
1449367209,0
676793679,1
393510702,0
895578480,1
230878349,0
952124635,0
1868672023,1
1428635014,0
1550878692,1
140427820,1
1417783553,1
1220639836,0
318937481,1
351816216,1
1289113238,1
1017273348,0
1642473066,0
1810168405,0
684329449,1
175297529,1
220425122,0
1299020569,1
488869963,0
808115540,0
153218409,1
456697603,1
1165939005,1
1242225567,0
1033039531,1
865428617,0
1578390433,0
688542242,1
1580846084,1
205818725,0
235898696,1
1330832881,0
1238610452,1
1463247268,0
350600832,0
1794635090,0
1624645525,0
133937457,0
520573111,1
868913994,0
231743125,1
458435302,1
1461096870,1
1571563184,0
1379033498,1
644031245,1
1866431280,1
1721780773,1
1805238918,1
1559653162,1
1912506083,0
827716552,0
1017123536,0
1404462633,1
689734547,1
109558980,1
1158208655,0
1249850747,0
309910642,0
928371890,0
794289402,1
1289673386,1
1977456744,0
314752012,1
1449884923,1
1737560771,0
786844109,1
1037613298,0
1522222123,1
598477107,1
701154990,0
637388011,1
794022898,0
1882362413,1
245679959,1
523783148,1
844506444,0
1150066291,0
1635262538,0
904999513,1
129305990,0
757726710,0
1945303845,1
110184592,1
1566045343,0
1209316478,0
644228907,0
322323754,1
1511101139,0
234738595,1
820838638,0
721102263,1
1524305515,1
734858258,0
1497307272,1
1535417695,1
1295104581,0
404167299,0
347072526,0
1084619093,0
855468427,0
595355083,1
675904900,1
833587809,0
1134400075,0
709708961,1
128907874,0
1031676893,1
993438060,1
1132383229,0
1892534284,1
421453716,1
1931335965,0
321862487,0
861264664,0
606522467,0
1255636720,0
1693728418,1
779433229,0
771829177,1
1930586622,0
365752105,1
1162122715,0
113446587,0
657473471,1
1929552453,1
951282020,1
270574913,0
417583893,0
1268806469,0
1586345545,0
1995744062,1
305853345,0
1155262212,0
1424301637,1
522025687,1
696010695,1
1971287677,0
1532508540,1
808390965,0
984999316,1
1760689325,0
1293045945,0
691852433,1
1428790975,0
1216705359,1
1566500047,0
1608630360,1
1904741955,0
155153268,1
135209296,1
1751652673,0
915528668,0
1893074540,0
629519521,0
1039499025,1
1048690138,0
1861187431,0
1878348820,0
987599977,0
224467557,0
188325772,0
517496792,0
692597864,0
1771510890,1
1666552717,0
1874953275,0
1858020932,0
1705594814,1
448701985,1
1606761042,0
307011837,0
1294981963,1
1691985017,1
1722524845,1
1711888846,1
893175551,1
568481673,0
1189603403,0
1304047145,1
668935208,1
1299145426,0
290248995,1
976095390,1
917416559,0
116352577,1
746002219,0
406948368,0
490397066,1
1116770020,1
1111343983,1
1423434096,1
1085321513,0
1299594812,1
1492763914,0
480467750,0
902611871,1
719896755,0
1212102708,1
1401569443,0
851589674,1
364189396,1
239508839,0
1119506825,1
320868527,1
1728741874,1
688245272,0
945509189,0
180120076,1
1679831625,1
1977005872,1
1617995635,1
289224646,1
749722965,0
1018936078,0
1221965108,0
1437855551,0
1589909388,1
601704380,1
1299383526,0
917189455,1
1799368732,0
978456415,1
680987419,1
1184433720,1
1479314606,0
766789712,1
922666028,1
279924501,0
648264829,0
488676372,0
1565019050,1
1523904464,1
212064728,1
1976730989,0
1553818316,1
655214361,1
1376179526,0
1532367885,0
1981420051,1
285993199,0
353590262,1
1448827860,1
1689530076,1
1469352619,1
236127750,0
1635085700,1
1957100494,1
202169286,1
798556559,1
792774529,0
307856784,0
1331847713,0
1855629627,0
1521218902,1
592127331,0
520006518,1
1077514856,1
1685981614,1
1764117749,0
674391373,0
878945090,0
1116855793,0
1374947582,0
482320549,1
319069734,0
655591949,1
545764624,0
1976862734,1
1649893182,1
1756174783,1
855573426,1
362777191,1
1381956309,1
513513334,0
307835576,0
1577439290,0
1241961821,0
1963599689,0
1420750945,1
481085877,0
1655846305,1
945704628,0
1667059126,1
1327681987,1
920442619,1
132502028,0
572164074,0
1332217448,1
1979275758,1
1504546080,0
930382391,0
1822975749,0
1652280287,0
1073491092,1
1168536767,0
278504192,1
1098271517,0
1246747636,1
168504555,1
716110495,0
1045828047,1
1446314955,0
408444952,0
1659689689,0
1570498091,0
1779236017,0
151439074,1
379567843,0
961508228,1
1883657395,1
527053604,0
1247367214,1
129112446,0
1511741952,0
1441282019,1
261357540,0
1314055447,0
1445653331,1
688209758,1
254562523,1
1223110353,0
1217092644,0
486389281,1
1681635894,1
1442026756,1
1997446328,1
166788975,1
650335887,0
868134194,0
1625757708,1
1644848462,0
195914877,0
852449014,0
457006100,0
1856808360,1
1227308343,1
1640014094,1
1137273203,1
1942878508,0
1594107139,1
578834098,1
904366503,1
828635247,1
501075416,1
1968404042,1
543071035,1
466118961,1
189245625,0
388835118,0
1247578271,0
534772703,1
404019143,0
1261342172,0
907148164,1
1981974308,0
1686343604,0
815943127,1
1713331824,1
1587941057,0
495404744,0
1069863659,0
1224760715,0
1525404578,1
1122065670,0
1896174104,0
419336133,0
332504834,0
1346518081,1
1795737966,0
1653287139,0
1004068944,0
104199693,0
672657596,1
599948410,1
1387396397,0
1094807734,1
1907152369,0
483916959,0
574084961,0
1462111719,0
1049473034,0
1052432485,1
1266108066,1
550318872,1
425130422,1
659726564,0
1540805175,0
406495144,0
1330909554,0
1510045531,0
550565852,1
1979401077,1
511738520,0
1051912879,1
708404925,0
924772701,1
426766205,0
175314715,0
1945217512,0
1348927337,0
1224190701,1
552663248,0
157313487,0
1965819473,1
917042133,1
1343850830,0
449924434,0
1218936035,0
780113062,1
998529812,1
595070023,0
330384389,1
356709531,1
1833874929,0
1452290208,0
302559907,0
201324486,1
1172077058,1
1983481222,1
285734204,0
574012259,1
404527866,0
1055763496,1
348656248,0
181372341,0
1359443031,0
1823876291,1
517288930,1
1575558594,0
1025202561,0
891137417,1
1411970349,0
598894819,0
880261160,0
1175504982,1
1928041762,0
957529019,0
290943017,0
673670244,0
944010907,0
1198293146,0
1089810747,0
1813952353,0
1577038624,0
261805829,1
1794013350,1
733948321,1
592895164,1
1734870496,1
1800410818,0
856535198,0
1114792899,1
1617436889,1
1182060147,0
1908980008,1
1887867870,0
817489530,1
643061306,1
683402913,1
1516675445,0
962915319,1
659285245,0
1256526914,0
785209981,1
307303124,0
1473113998,0
1894428633,1
284646230,0
313987627,0
1132073019,1
1110549250,1
203917749,0
1924540922,0
1160887875,1
906155754,0
689625869,0
1487860552,0
1465180373,0
1520687485,0
925486094,0
545381978,0
1716242676,1
174245136,0
840670372,1
1736301874,1
1144930328,1
1479692478,1
1932042475,0
1279948782,1
1035482290,1
1984920783,0
1903983778,1
521081673,1
358593959,1
1196061262,0
725081683,1
946406823,1
1278942214,0
1745192892,1
244352216,1
1675698472,1
1185772515,0
1138141986,0
1511496233,0
1965249224,1
1783022598,1
253039730,0
727822630,1
1862215522,1
458110879,1
1295398445,1
914165448,0
479853284,0
1541280649,0
1190181896,0
1316556669,0
1917818057,0
289387853,1
1382242792,1
1572058147,0
1764754000,1
1194043945,0
1282436330,0
477577913,0
842748398,0
785720883,1
562879935,0
1647251891,1
385636020,0
1519856913,0
784193785,1
1028556547,1
238510531,1
1369552034,1
497042532,1
1542808232,0
1050386018,0
840506206,1
654589378,1
1065863726,0
701872117,1
753919839,1
1802328790,1
902681335,0
470555685,0
1222704550,1
1641911853,1
1576691062,1
947295889,0
1683011975,0
1651162936,0
684390477,0
922648766,1
1837445256,1
203139646,1
1411745050,1
247733034,1
1962232427,0
1905986968,1
1399826829,0
796206992,1
1741102053,0
1233893931,0
1147957688,1
1702910396,0
1331363257,0
1315859369,0
757957051,1
514023154,0
1493330675,0
1288604293,1
1854209629,0
767537647,0
740839739,1
461449783,0
588816964,1
1002655496,1
1459127258,1
1932742479,1
280371499,0
902647364,0
1352762311,1
883796514,0
217170122,0
1947133401,0
769835816,0
838429696,1
1498462427,1
1631408772,0
768282110,0
1896216805,1
1845030290,0
1669539327,0
1475186927,0
276412673,0
1639573091,1
145257579,1
203277712,0
1778908428,1
1593172736,1
113993985,1
1214367928,0
864181121,1
1355205132,1
646016313,1
1377406947,1
568077715,0
1202230626,1
1180838322,0
1967490498,0
1357915024,0
185923130,0
640684449,1
1477003707,0
1348509265,1
1762101718,1
1897883273,1
700553486,1
1452733386,1
193676789,0
1618913164,0
430068998,1
1574836079,0
375142488,1
1743858114,0
1136246252,1
108094932,1
1626221006,1
1203077305,1
818966630,1
287733417,0
203153224,0
698075376,1
504168442,1
441196465,0
311725249,0
1830912475,0
1841656573,1
1506859588,0
957560847,1
1272623771,1
229343267,0
1132520626,1
1147567332,1
652418118,0
1793102371,1
1229144774,0
1808616431,1
1991450210,1
1788681829,0
632617777,0
771546003,0
813331091,0
965835277,0
1513990617,0
673193386,1
713973138,1
1993131972,1
1579835840,1
1315627607,0
573941050,0
419611046,1
1046321125,0
438454795,0
391488142,0
1297565306,0
975253891,0
1288240944,1
750525215,1
1997251649,1
574291175,0
330769537,1
1721592389,0
694824961,0
625820211,1
1480496887,0
1182136596,1
410959450,0
467013572,1
1506084918,1
1626379903,1
1725462102,0
1860432277,0
215965192,1
1648337049,0
618893370,1
1710197841,1
364521796,1
277245737,1
823759627,1
1640925102,0
113877813,0
1483993482,1
1978584436,0
1806023880,0
837881212,0
377962581,0
1747620857,1
1925062998,0
1244278056,0
1197941129,1
851511960,0
354149172,1
630837052,0
512301228,0
1797512773,1
1573764262,1
1554575705,1
1109714243,0
710187800,1
697001328,0
1940655105,0
492356323,0
392540887,1
1793935094,0
564668576,0
188192649,1
378648160,1
1218526814,1
914928618,0
1263640499,1
1267945085,1
599358018,0
1784039164,1
870448520,0
599883538,1
473858131,1
1741693451,1
646405624,0
1306301596,1
1095315486,1
506539299,0
1750797065,0
831515662,1
996110970,0
922753542,1
190810937,0
956231097,0
1700443779,1
789241952,0
721122996,0
1836935966,0
1897073984,1
1500576648,1
386682796,0
970071004,1
129683368,0
1855911341,1
1086700434,0
1711086268,0
1260407030,1
586493332,0
693889653,0
286269133,0
283952680,1
328054505,0
604108189,0
340240751,1
172497994,0
1685521000,0
1404681469,0
1527887006,1
1204231906,0
851900382,0
670999301,0
830358891,1
119858616,1
908913443,0
143729613,1
1737382447,0
1057234332,1
554938328,1
1750050940,1
1785842124,0
1543414659,0
684581180,0
1754575172,1
1052452931,1
1150226996,1
1420782398,1
235998770,0
1625635426,0
333811838,1
1341133125,1
544901899,0
695401431,1
209160927,1
968903357,0
1685673613,1
1667754785,0
889925197,1
1495834158,1
911806879,0
1860874505,1
865386052,0
474757201,1
1085755037,1
1266939474,1
1843975327,0
1208842550,0
1667482240,1
1664335255,1
853174441,0
1230920241,1
745936288,1
1899267232,0
905235245,0
1670677909,0
618724005,0
360269900,1
1246438882,1
1617444809,0
788728389,0
1563192915,0
1903776674,0
887694228,1
1182886062,1
1208330461,0
1335817823,1
130223900,0
167916114,1
175441990,0
187674401,0
193510933,0
318978474,1
360586401,0
368957493,0
374262162,1
397018292,0
401102881,0
437593520,1
491589119,0
501158383,1
505783014,1
517045374,0
530143711,0
544868023,0
545781935,0
550872024,0
557018444,1
582387130,1
612980057,0
641146581,1
715161555,0
722689787,0
757163506,0
758581014,1
768027898,1
796762261,0
805709918,1
872736023,0
925040360,0
927981085,1
933675879,1
943588767,0
944905850,0
948496594,0
954394187,1
975436404,1
999278903,1
1012585502,0
1018651058,0
1070456469,1
1096159805,0
1112221396,0
1142073934,0
1172014709,0
1174254857,1
1190933992,1
1207277454,0
1231427595,0
1256404346,0
1296961584,0
1325204578,1
1352424990,0
1355781808,1
1390721716,1
1395367236,0
1450258749,0
1464492566,1
1514510507,1
1542106118,0
1583015113,0
1585040549,0
1595928513,0
1607090287,1
1628594966,0
1684530217,0
1695930532,0
1724434342,1
1752037703,1
1758045172,0
1760804953,1
1770026225,1
1797223629,0
1854211760,0
1880688040,1
1884070714,0
1923126464,0
1936300610,0
1951320551,1
1960076428,0
1983122569,0
1985169848,0
415300718,0
1239608796,0
1494666538,0
100646594,1
1922188215,0
1349718296,0
1550899005,0
497978154,0
1878319679,0
757897809,0
931367565,0
1304653453,0
1050561574,0
1430558272,0
1710370526,0
1477053771,0
990386514,0
1469605918,0
861592099,0
1834251232,0
1739850414,0
1157781136,0
1846436125,0
514880511,0
1473373897,0
1527779858,0
573627100,0
937135868,0
963052180,0
1072838697,0
711558356,0
1647526357,1
1129494107,0
412792945,0
1037837559,0
711849153,0
1826942706,0
1368699000,0
320953969,0
1764483086,0
1327879703,0
1747522036,0
1134934475,0
650083423,0
1436008062,0
1982340836,0
1639571160,0
1742837379,0
1891531103,0
1912015553,0
1100439343,0
1901118971,0
451551661,0
751411588,0
281538840,0
1691423359,0
1112876924,1
1870959656,0
139285735,0
1112703409,0
1925276416,0
775793673,0
1849080864,0
1417028099,0
171867719,0
1677705523,0
1694742162,1
355316521,0
556132367,0
1052925853,0
1057500996,0
1443335452,0
1426188918,0
824036970,0
606916315,0
900266914,0
1713940061,0
1651072592,0
1946090676,0
797847317,0
1046291078,0
1554425134,1
1576698724,0
1606207884,0
686467213,0
453615727,0
643258688,0
748035713,0
762574854,0
1496685346,0
1403155425,0
347274121,0
1606765696,0
1791170525,0
978324099,0
884109138,1
435784436,0
919408961,0
435150825,0
1945476475,0
503741083,1
987065190,0
929004420,0
573401936,0
914182450,0
1458865678,0
1501869167,0
762150238,1
1364666346,0
598785433,0
539101838,0
1838433626,0
1231524858,0
1211152203,1
954059680,0
519397078,0
1997889070,0
1847607853,1
981853902,0
